tweets,tagname
Marjaavan dattke fc music Bollywood,bollywood
Who has played Manto better Bollywood Hindi literature Manto KaaliSalwar,bollywood
 When Question Which Actor He Would Want To Play His Biopic Sourav Ganguly Said My favourite HrithikRoshan amp funnily adde,bollywood
bollywood ShaheenBhatt,bollywood
Trouble Luckydraw GlobalAdvertisers QuizTime Bollywood FunTime Contest,bollywood
Trouble Luckydraw GlobalAdvertisers QuizTime Bollywood FunTime Contest join,bollywood
 Just Saw War after suesfully writing my Ph D Exams amp Trust me it is phenomenal You r amp always will be,bollywood
 Brain Teasers Whats really easy to get into and hard to get out of Surprise gift to the winner every Monday The,bollywood
 and kiara bring the Bhangra trend back in action with their latest dance number from,bollywood
TV,bollywood
 Akshay Kumar is famous because of Bollywood and Bollywood is famous because of SalmanKhan This is the difference betwe,bollywood
Star kid ShanayaKapoor makes her debut at the Paris Ball popularly known as LeBal Check out the video and pict,bollywood
Pic Talk Sakhsi s Steamy Selfie in Bikini Read More gt gt sakshimalik sakshi bollywood,bollywood
 Just Saw War after suesfully writing my Ph D Exams amp Trust me it is phenomenal You r amp always will be,bollywood
 Golmaal Excited AjayDevgn RohitShetty Public Reaction Bollywood Bollywoo,bollywood
 and kiara bring the Bhangra trend back in action with their latest dance number from,bollywood
 Just Saw War after suesfully writing my Ph D Exams amp Trust me it is phenomenal You r amp always will be,bollywood
 In the mood for some top chartbusters Its right here on MirchiTop sen,bollywood
Take a glance at the pictures of tmexclusive s harmonious performance last night in Pune,bollywood
Bollywood Amitabh Bachchan and Chehre team to travel to Europe to shoot last schedule of the mystery thriller,bollywood
tweets,tagname
Check out Rawvibes Z s review Dennys Wilshire Blvd UCLA USC LAFD LACo FD,hollywood
GREAT NITE FOR A GREAT CAUSE kymbranch singer songwriter artist music nightout support philly,hollywood
Check out Rawvibes Z s review Dennys Wilshire Blvd UCLA USC lalive Wiltern,hollywood
 Hollywood WatchedMovies First Part Major Drawback No scar,hollywood
FIFM FIFM Hollywood TCM DeathWatch directed by BertrandTavernier RomySchneider HarveyKeitel Soudtrack,hollywood
Hollywood Who won the X Factor Celebrity Movie News Cinema,hollywood
 erasmus Good morning my beauties may you all have a wonderful Monday filmmaker filming filmmaking setlife filmset onset,hollywood
Can you guess fridays adventure A A and i on our st visit to originalfunko store in hollywood nerd,hollywood
I never say never and I never say always Grace Kelly Be a bit more movie star this week and make sure you re mak,hollywood
 Hollywood AnkleMonitors Justice Patriots DarkToLight CabalTakeDown ,hollywood
 Hollywood New trailer for True History of the Kelly Gang with George Mackay Russell Crowe,hollywood
Discover gods heroes and less visited villages during our Pelion tours Find peace in a cup of mountain tea at A,hollywood
Time to Die teaser Daniel Craig stars in final outing as ahead of full trailer,hollywood
Post Malone Drunk on Hollywood Blvd at am entertainment,hollywood
TCM Hollywood HarveyKeitel honored in FIFM FIFM BestMovies DeathWatch BertrandTavernier ,hollywood
 Typical Hollywood self loathing idiot Hollywood,hollywood
Hollywood The Star Wars movies debrief A New Hope recap legacy and best bits Movie News Cinema,hollywood
 Did You understand what she ment Madonna musicvideo Fame Fashion artist Trending Celebrities Movie mode Ne,hollywood
 DARK WATERS You know its Serious Oscar Contender Season when Mark Ruffalo gains weight for a role and that role doesnt,hollywood
So good to know the good news as we know there are so many scammers out there Watch this space for the The Book,hollywood
tweets,tagname
 Fav onscreen mother son duo Ayaan CSI Daksh MtvWebbed Baldev Bansuri Veera Anil SYTM Sagar Gangaa Bittu,aditya
Sher tha BalaSahebThackeray chuvaa nikla launda udhav aur uska chuha aditya,aditya
It s in the blood sir It s not about,aditya
CollegeMemories Aditya SaiSathi,aditya
 HarshJen made for each other Chemistry Bepannaah AdiYa Aditya amp Zoya,aditya
This pic of VishalVashishtha with this kitten is so damn adorable Ayaan CSI Daksh MtvWebbed Baldev Veera,aditya
 i cried i laughed i got emotional amp i hooked to Adiya I watched time continuously Bepannaah Jenniferwinget as,aditya
 i cried i laughed i got emotional amp i hooked to Adiya I watched time continuously Bepannaah Jenniferwinget as,aditya
 Adiii Ayaan CSI Daksh MtvWebbed Baldev Veera Anil SYTM Sagar Gangaa Bittu JKJ Kanhaiya JKLK Aditya V,aditya
 Good Job IndianIdol Aditya JatinLalit ko ek sath kaam ke lie ready kar ne ke li,aditya
 Audio On Aditya Music RulerOnDecth,aditya
Good Job IndianIdol Aditya JatinLalit ko ek sath kaam ke lie ready kar ne ke lie,aditya
Audio On Aditya Music RulerOnDecth,aditya
FBeautyQuote A touching strengthen qoute by Aditya Dia yang di atas sana tidak akan meninggal,aditya
 i cried i laughed i got emotional amp i hooked to Adiya I watched time continuously Bepannaah Jenniferwinget as,aditya
i cried i laughed i got emotional amp i hooked to Adiya I watched time continuously Bepannaah,aditya
Adiii Ayaan CSI Daksh MtvWebbed Baldev Veera Anil SYTM Sagar Gangaa Bittu JKJ Kanhaiya JKLK,aditya
A day after stock exchanges issued framework for the listing of commercial papers CPs Aditya Birla,aditya
Heartiest congratulations to AditiDevSharma and SarwarAhuja on being blessed with a baby boy may he always be,aditya
ADITYA VARMA,aditya
Aaj agar Modi ji Ka maaf Karne wala byan phir aa jai to chitra madam dubara se tweet karengi,aditya
Commando is a big budget film Director Aditya Datt Aditya Commando Datt,aditya
jaimahakal jaishrimahakaal mahadev mahakaleshwar,aditya
Aditya Birla Sun Life Mutual Fund has received Rs crore from sale of shares of Zee Entertainment an,aditya
Jis tarh ki Service Hardik ko Congress ne Hotel me di thi wahi Service Aditya Thakery ko Congress de ra,aditya
Hope you all are watching Gangaa on Zee World at pm and loving the story so far Ayaan Daksh Baldev Anil,aditya
 ramya n Majnu Aditya,aditya
Good sense late came to ShivSena Aditya ji whatever you find in India Today gifts f Rajas British Congress,aditya
Now that Uddhav encashed his fathers legacy for mere months of CM seat amp my question is what he left for,aditya
Uddhav by aligning with Sonia has encashed Balasahebs legacy and left nothing for Aditya and that to for mon,aditya
Hey Aditya Remember This,aditya
 It s proven that politicians offspring are not good politicians Cricketers offspring are not good cricketers and Ac,aditya
It s proven that politicians offspring are not good politicians Cricketers offspring are not good cricketer,aditya
 Proud Marathis n Shivaji s admirers please note tomo morning BalasahebThackrey s grandson Aditya will be on his knees bef,aditya
Proud Marathis n Shivaji s admirers please note tomo morning BalasahebThackrey s grandson Aditya will be on hi,aditya
Gangaa is going air from tonight on Zee World make sure tune in Ayaan CSI Daksh MtvWebbed Baldev,aditya
Majnu Aditya,aditya
 Soo Cute IV Thankss a Lot Love YOU so much from Per Greetings tc amp man,aditya
 Cuteness going through the roof Ayaan CSI Daksh MtvWebbed Baldev Veera Anil SYTM Sagar Gangaa Bittu JKJ,aditya
 Hope you have a great Wednesday ahead Ayaan CSI Daksh MtvWebbed Baldev Veera Anil SYTM Sagar Gangaa Bittu,aditya
Hope you have a great Wednesday ahead Ayaan CSI Daksh MtvWebbed Baldev Veera Anil SYTM Sagar Gangaa,aditya
 PoonamBajwa with Manjushree Aditya,aditya
Aditya Birla Sun Life Mutual Fund said it segregated Rs crore of Adilink Infra amp Multitrading,aditya
Uddhav Aditya SanjayRaut PriyankaChaturvedi,aditya
 Soo Cute IV Thankss a Lot Love YOU so much from Per Greetings tc amp man,aditya
 Soo Cute IV Thankss a Lot Love YOU so much from Per Greetings tc amp man,aditya
To Phir Aditya Thakre Kiska Beta Hai Badi Gaad baadi hai re baba,aditya
Soo Cute IV Thankss a Lot Love YOU so much from Per Greetings tc amp,aditya
 It s great to see VishalVashishtha spending time with his friends afterall true friends are like family KolkataD,aditya
tweets,tagname
Check out Rawvibes Z s review Dennys Wilshire Blvd UCLA USC LAFD LACo FD,hollywood
GREAT NITE FOR A GREAT CAUSE kymbranch singer songwriter artist music nightout support philly,hollywood
Check out Rawvibes Z s review Dennys Wilshire Blvd UCLA USC lalive Wiltern,hollywood
 Hollywood WatchedMovies First Part Major Drawback No scar,hollywood
FIFM FIFM Hollywood TCM DeathWatch directed by BertrandTavernier RomySchneider HarveyKeitel Soudtrack,hollywood
Hollywood Who won the X Factor Celebrity Movie News Cinema,hollywood
 erasmus Good morning my beauties may you all have a wonderful Monday filmmaker filming filmmaking setlife filmset onset,hollywood
Can you guess fridays adventure A A and i on our st visit to originalfunko store in hollywood nerd,hollywood
I never say never and I never say always Grace Kelly Be a bit more movie star this week and make sure you re mak,hollywood
 Hollywood AnkleMonitors Justice Patriots DarkToLight CabalTakeDown ,hollywood
 Hollywood New trailer for True History of the Kelly Gang with George Mackay Russell Crowe,hollywood
Discover gods heroes and less visited villages during our Pelion tours Find peace in a cup of mountain tea at A,hollywood
Time to Die teaser Daniel Craig stars in final outing as ahead of full trailer,hollywood
Post Malone Drunk on Hollywood Blvd at am entertainment,hollywood
TCM Hollywood HarveyKeitel honored in FIFM FIFM BestMovies DeathWatch BertrandTavernier ,hollywood
 Typical Hollywood self loathing idiot Hollywood,hollywood
Hollywood The Star Wars movies debrief A New Hope recap legacy and best bits Movie News Cinema,hollywood
 Did You understand what she ment Madonna musicvideo Fame Fashion artist Trending Celebrities Movie mode Ne,hollywood
 DARK WATERS You know its Serious Oscar Contender Season when Mark Ruffalo gains weight for a role and that role doesnt,hollywood
So good to know the good news as we know there are so many scammers out there Watch this space for the The Book,hollywood
tweets,tagname
 Fav onscreen mother son duo Ayaan CSI Daksh MtvWebbed Baldev Bansuri Veera Anil SYTM Sagar Gangaa Bittu,aditya
Sher tha BalaSahebThackeray chuvaa nikla launda udhav aur uska chuha aditya,aditya
It s in the blood sir It s not about,aditya
CollegeMemories Aditya SaiSathi,aditya
 HarshJen made for each other Chemistry Bepannaah AdiYa Aditya amp Zoya,aditya
This pic of VishalVashishtha with this kitten is so damn adorable Ayaan CSI Daksh MtvWebbed Baldev Veera,aditya
 i cried i laughed i got emotional amp i hooked to Adiya I watched time continuously Bepannaah Jenniferwinget as,aditya
 i cried i laughed i got emotional amp i hooked to Adiya I watched time continuously Bepannaah Jenniferwinget as,aditya
 Adiii Ayaan CSI Daksh MtvWebbed Baldev Veera Anil SYTM Sagar Gangaa Bittu JKJ Kanhaiya JKLK Aditya V,aditya
 Good Job IndianIdol Aditya JatinLalit ko ek sath kaam ke lie ready kar ne ke li,aditya
 Audio On Aditya Music RulerOnDecth,aditya
Good Job IndianIdol Aditya JatinLalit ko ek sath kaam ke lie ready kar ne ke lie,aditya
Audio On Aditya Music RulerOnDecth,aditya
FBeautyQuote A touching strengthen qoute by Aditya Dia yang di atas sana tidak akan meninggal,aditya
 i cried i laughed i got emotional amp i hooked to Adiya I watched time continuously Bepannaah Jenniferwinget as,aditya
i cried i laughed i got emotional amp i hooked to Adiya I watched time continuously Bepannaah,aditya
Adiii Ayaan CSI Daksh MtvWebbed Baldev Veera Anil SYTM Sagar Gangaa Bittu JKJ Kanhaiya JKLK,aditya
A day after stock exchanges issued framework for the listing of commercial papers CPs Aditya Birla,aditya
Heartiest congratulations to AditiDevSharma and SarwarAhuja on being blessed with a baby boy may he always be,aditya
ADITYA VARMA,aditya
Aaj agar Modi ji Ka maaf Karne wala byan phir aa jai to chitra madam dubara se tweet karengi,aditya
Commando is a big budget film Director Aditya Datt Aditya Commando Datt,aditya
jaimahakal jaishrimahakaal mahadev mahakaleshwar,aditya
Aditya Birla Sun Life Mutual Fund has received Rs crore from sale of shares of Zee Entertainment an,aditya
Jis tarh ki Service Hardik ko Congress ne Hotel me di thi wahi Service Aditya Thakery ko Congress de ra,aditya
Hope you all are watching Gangaa on Zee World at pm and loving the story so far Ayaan Daksh Baldev Anil,aditya
 ramya n Majnu Aditya,aditya
Good sense late came to ShivSena Aditya ji whatever you find in India Today gifts f Rajas British Congress,aditya
Now that Uddhav encashed his fathers legacy for mere months of CM seat amp my question is what he left for,aditya
Uddhav by aligning with Sonia has encashed Balasahebs legacy and left nothing for Aditya and that to for mon,aditya
Hey Aditya Remember This,aditya
 It s proven that politicians offspring are not good politicians Cricketers offspring are not good cricketers and Ac,aditya
It s proven that politicians offspring are not good politicians Cricketers offspring are not good cricketer,aditya
 Proud Marathis n Shivaji s admirers please note tomo morning BalasahebThackrey s grandson Aditya will be on his knees bef,aditya
Proud Marathis n Shivaji s admirers please note tomo morning BalasahebThackrey s grandson Aditya will be on hi,aditya
Gangaa is going air from tonight on Zee World make sure tune in Ayaan CSI Daksh MtvWebbed Baldev,aditya
Majnu Aditya,aditya
 Soo Cute IV Thankss a Lot Love YOU so much from Per Greetings tc amp man,aditya
 Cuteness going through the roof Ayaan CSI Daksh MtvWebbed Baldev Veera Anil SYTM Sagar Gangaa Bittu JKJ,aditya
 Hope you have a great Wednesday ahead Ayaan CSI Daksh MtvWebbed Baldev Veera Anil SYTM Sagar Gangaa Bittu,aditya
Hope you have a great Wednesday ahead Ayaan CSI Daksh MtvWebbed Baldev Veera Anil SYTM Sagar Gangaa,aditya
 PoonamBajwa with Manjushree Aditya,aditya
Aditya Birla Sun Life Mutual Fund said it segregated Rs crore of Adilink Infra amp Multitrading,aditya
Uddhav Aditya SanjayRaut PriyankaChaturvedi,aditya
 Soo Cute IV Thankss a Lot Love YOU so much from Per Greetings tc amp man,aditya
 Soo Cute IV Thankss a Lot Love YOU so much from Per Greetings tc amp man,aditya
To Phir Aditya Thakre Kiska Beta Hai Badi Gaad baadi hai re baba,aditya
Soo Cute IV Thankss a Lot Love YOU so much from Per Greetings tc amp,aditya
 It s great to see VishalVashishtha spending time with his friends afterall true friends are like family KolkataD,aditya
tweets,tagname
Check out Rawvibes Z s review Dennys Wilshire Blvd UCLA USC LAFD LACo FD,hollywood
GREAT NITE FOR A GREAT CAUSE kymbranch singer songwriter artist music nightout support philly,hollywood
Check out Rawvibes Z s review Dennys Wilshire Blvd UCLA USC lalive Wiltern,hollywood
 Hollywood WatchedMovies First Part Major Drawback No scar,hollywood
FIFM FIFM Hollywood TCM DeathWatch directed by BertrandTavernier RomySchneider HarveyKeitel Soudtrack,hollywood
Hollywood Who won the X Factor Celebrity Movie News Cinema,hollywood
 erasmus Good morning my beauties may you all have a wonderful Monday filmmaker filming filmmaking setlife filmset onset,hollywood
Can you guess fridays adventure A A and i on our st visit to originalfunko store in hollywood nerd,hollywood
I never say never and I never say always Grace Kelly Be a bit more movie star this week and make sure you re mak,hollywood
 Hollywood AnkleMonitors Justice Patriots DarkToLight CabalTakeDown ,hollywood
 Hollywood New trailer for True History of the Kelly Gang with George Mackay Russell Crowe,hollywood
Discover gods heroes and less visited villages during our Pelion tours Find peace in a cup of mountain tea at A,hollywood
Time to Die teaser Daniel Craig stars in final outing as ahead of full trailer,hollywood
Post Malone Drunk on Hollywood Blvd at am entertainment,hollywood
TCM Hollywood HarveyKeitel honored in FIFM FIFM BestMovies DeathWatch BertrandTavernier ,hollywood
 Typical Hollywood self loathing idiot Hollywood,hollywood
Hollywood The Star Wars movies debrief A New Hope recap legacy and best bits Movie News Cinema,hollywood
 Did You understand what she ment Madonna musicvideo Fame Fashion artist Trending Celebrities Movie mode Ne,hollywood
 DARK WATERS You know its Serious Oscar Contender Season when Mark Ruffalo gains weight for a role and that role doesnt,hollywood
So good to know the good news as we know there are so many scammers out there Watch this space for the The Book,hollywood
