tweets,tagname
 Most Canadian families have money to burn university students are rolling in dough bcpoli vanpoli britishcolumbia a,politics
Creepy Joe Is So Strange politics,politics
 Check out our latest podcast A Divided Kingdom NagHammadi Gnosis identity politics christ,politics
 Jeezus bcpoli vanpoli britishcolumbia abpoli polqc ontario ottawa onpoli topoli canpoli cdnpoli politics,politics
Diplomatic imbalance MengWanzhou arrested in Canada on charges with clear process of law,politics
Look at that smug guy grinning ear to ear and for the record we are a capitalist system aka crapitalism,politics
Jeezus bcpoli vanpoli britishcolumbia abpoli polqc ontario ottawa onpoli topoli canpoli cdnpoli,politics
Dawood silent on phone for years but still operating from Karachi Get your news featu,politics
byelection,politics
 Do you trust your political system Nearly in people say the political system in their country has been captured by an eli,politics
Most Canadian families have money to burn university students are rolling in dough bcpoli vanpoli,politics
 news Wow channelnews you managed to give a party political broadcast for the tories all by yourselves The focus group story wa,politics
 A few days ago referred me to who runs a website that explores,politics
 Truth DeleteFacebook Politics Marianne,politics
 Tulsi Gabbard Supporters Push Tulsi Media Blackout Hashtag Following Media Exclusions USPolitics Politics,politics
 In House Republicans conducted impeachment proceedings against President Clinton while he was on several overseas tr,politics
Sing a song of sickness politics satire Pips ESA WCA NHS UniversalCredit ,politics
It s time to ban stupidity If you are not smart enough to think for yourself you are not allowed to vote or run for office politics,politics
 HISTORIAS URBANAS DE ANNA ANNA S URBAN STORIES WomanInAction SocialProject leadership booklover music art Book,politics
BJP,politics
